-- phpMyAdmin SQL Dump
-- version 6.0.0-dev
-- https://www.phpmyadmin.net/
--
-- Hôte : 192.168.30.22
-- Généré le : Lun. 27 Mai 2024 à 20:28
-- Version du serveur : 10.4.8-MariaDB-1:10.4.8+maria~stretch-log
-- Version de PHP : 8.2.18

SET SQL_MODE = "NO_AUTO_VALUE_ON_ZERO";
START TRANSACTION;
SET time_zone = "+00:00";


/*!40101 SET @OLD_CHARACTER_SET_CLIENT=@@CHARACTER_SET_CLIENT */;
/*!40101 SET @OLD_CHARACTER_SET_RESULTS=@@CHARACTER_SET_RESULTS */;
/*!40101 SET @OLD_COLLATION_CONNECTION=@@COLLATION_CONNECTION */;
/*!40101 SET NAMES utf8mb4 */;

--
-- Base de données : `dzdzdzdz`
--

-- --------------------------------------------------------

--
-- Structure de la table `ADHERENT_BASE`
--

CREATE TABLE `ADHERENT_BASE` (
  `NUMERO_ADHERENT` int(3) NOT NULL,
  `Nom` varchar(10) DEFAULT NULL,
  `Prenom` varchar(10) DEFAULT NULL,
  `Naissance` varchar(10) DEFAULT NULL,
  `Telephone` varchar(16) DEFAULT NULL,
  `Teléphone Bis` varchar(14) DEFAULT NULL,
  `Benevole` varchar(15) DEFAULT NULL
) ENGINE=InnoDB DEFAULT CHARSET=utf8mb4;

--
-- Déchargement des données de la table `ADHERENT_BASE`
--

INSERT INTO `ADHERENT_BASE` (`NUMERO_ADHERENT`, `Nom`, `Prenom`, `Naissance`, `Telephone`, `Teléphone Bis`, `Benevole`) VALUES
(1, 'Madison', 'Warren', '20/07/1979', '06 49 82 65 01', '', ''),
(2, 'Pierce', 'Warren', '02/12/1986', '06 98 03 24 55', '', ''),
(3, 'Van Buren', 'James', '28/09/1990', '07 78 07 62 74', '', ''),
(4, 'Harrison', 'Richard', '18/01/1989', '06 77 73 52 05', '', ''),
(5, 'McKinley', 'Richard', '11/11/1987', '06 49 88 54 76', '', ''),
(6, 'Carter', 'Jimmy', '24/02/1952', '06 77 21 85 11', '', ''),
(7, 'Roosevelt', 'Benjamin', '', '06 77 21 85 11', '', ''),
(8, 'Polk', 'Herbert', '', '06 84 52 97 56', '', ''),
(9, 'Madison', 'George', '31/07/1987', '07 53 99 70 66', '', ''),
(10, 'Grant', 'Zachary', '', '06 74 68 57 23', '', ''),
(11, 'Garfield', 'Thomas', '11/08/1987', '06 64 51 34 39', '', ''),
(12, 'Johnson', 'William', '13/05/1978', '06 80 13 35 51', '', ''),
(13, 'Wilson', 'Calvin', '21/11/1987', '06 19 50 53 61', '', ''),
(14, 'Garfield', 'Martin', '23/06/1989', '07 77 93 21 47', '', ''),
(15, 'Harrison', 'Grover', '25/01/1963', '06 68 03 61 58', '', ''),
(16, 'Polk', 'Ulysses', '11/07/1960', '06 15 76 35 33', '', ''),
(17, 'Buchanan', 'Gerald', '25/08/1991', '06 05 31 66 18', '', ''),
(18, 'Buchanan', 'Franklin', '12/08/1986', '06 11 76 03 91', '', ''),
(19, 'Buchanan', 'Rutherford', '09/05/1996', '06 83 53 07 14', '', ''),
(20, 'Roosevelt', 'Rutherford', '24/02/2015', '05 55 85 00 32', '', ''),
(21, 'Quincy', 'William', '18/02/2015', '06 79 29 60 16', '', ''),
(22, 'Garfield', 'Ronald', '05/03/2015', '', '', ''),
(23, 'Cleveland', 'John', '31/03/2015', '', '', ''),
(24, 'Eisenhower', 'Richard', '09/07/1986', '06 38 36 52 16', '', ''),
(25, 'Buchanan', 'Woodrow', '23/06/1989', '07 77 93 21 47', '', ''),
(26, 'Clinton', 'Millard', '', '06 44 73 79 89', '', ''),
(27, 'Tyler', 'Herbert', '', '06 05 51 22 39', '', ''),
(28, 'Van Buren', 'John', '', '06 78 96 66 13', '', ''),
(29, 'Hoover', 'James', '', '', '', ''),
(30, 'Cleveland', 'Andrew', '', '06 87 68 70 01', '', ''),
(31, 'Adams', 'Chester', '10/12/1995', '06 59 65 66 07', '', ''),
(32, 'Johnson', 'Benjamin', '18/08/1986', '06 73 62 98 16', '', ''),
(33, 'Harrison', 'Thomas', '21/12/1992', '06 81 84 66 86', '', ''),
(34, 'Taylor', 'Lyndon', '', '06 49 82 68 73', '', ''),
(35, 'Adams', 'Warren', '06/12/1984', '06 28 27 32 74', '', ''),
(36, 'Taylor', 'William', '08/09/1995', '06 34 62 35 72', '', ''),
(37, 'Hoover', 'Harry', '09/08/1991', '06 64 77 93 68', '', 'OUI'),
(38, 'Lincoln', 'Harry', '26/04/1974', '06 63 25 92 97', '', 'OUI'),
(39, 'Hayes', 'Ronald', '04/01/1987', '06 86 01 74 62', '', 'OUI'),
(40, 'Roosevelt', 'Theodore', '07/09/1982', '06 89 56 83 41', '', ''),
(41, 'Arthur', 'Grover', '', '06 15 30 18 22', '', ''),
(42, 'Roosevelt', 'Calvin', '', '06 52 44 19 43', '', 'OUI'),
(43, 'Wilson', 'John', '', '', '', ''),
(44, 'Polk', 'Richard', '', '', '', 'OUI'),
(45, 'Johnson', 'Abraham', '03/12/1968', '', '', 'OUI'),
(46, 'Van Buren', 'Calvin', '', '', '', ''),
(47, 'Clinton', 'Ulysses', '25/12/1972', '07 68 95 72 89', '', ''),
(48, 'McKinley', 'Rutherford', '23/05/1986', '06 45 61 53 22', '', ''),
(49, 'Clinton', 'Harry', '24/03/1995', '07 81 62 73 76', '', 'OUI'),
(50, 'Wilson', 'Gerald', '', '0049 15734926068', '', 'OUI'),
(51, 'Washington', 'Calvin', '14/11/1999', '06 64 111179', '', 'OUI'),
(52, 'Eisenhower', 'Millard', '10/01/1999', '07 67 50 34 38', '', 'OUI'),
(53, 'Hoover', 'Martin', '07/06/1996', '06 61 35 47 70', '', 'OUI'),
(54, 'Truman', 'Ronald', '05/01/1985', '06 18 17 10 41', '', ''),
(55, 'Nixon', 'Theodore', '13/05/1982', '06 62 42 08 69', '', 'OUI'),
(56, 'Garfield', 'Theodore', '13/05/2000', '07 49 79 98 36', '', 'OUI'),
(57, 'Coolidge', 'Theodore', '15/04/1975', '06 50 08 09 34', '', ''),
(58, 'Cleveland', 'Andrew', '', '', '', ''),
(59, 'Coolidge', 'Calvin', '01/12/1988', '06 68 81 38 44', '', 'OUI'),
(60, 'Van Buren', 'William', '25/07/1968', '06 26 58 39 29', '', ''),
(61, 'Reagan', 'Ulysses', '11/10/1982', '06 84 29 87 76', '', ''),
(62, 'Reagan', 'Ronald', '20/07/1969', '06 19 39 04 14', '', 'OUI'),
(63, 'Ford', 'Andrew', '01/12/1948', '06 67 68 97 87', '', ''),
(64, 'Taft', 'Calvin', '', '', '', ''),
(65, 'Harrison', 'Richard', '', '', '', ''),
(66, 'Cleveland', 'Warren', '', '06 72 69 67 24', '', 'OUI'),
(67, 'Garfield', 'Warren', '16/06/1965', '06 44 04 49 91', '', 'OUI'),
(68, 'Taft', 'Lyndon', '', '06 22 92 83 51', '', ''),
(69, 'Buchanan', 'William', '14/12/1950', '06 28 07 04 50', '', 'OUI'),
(70, 'Monroe', 'Chester', '20/02/1995', '07 70 15 22 63', '', 'OUI'),
(71, 'Cleveland', 'Harry', '26/10/1997', '06 81 70 93 95', '', 'OUI'),
(72, 'Hayes', 'Herbert', '23/10/1984', '06 12 85 51 81', '', ''),
(73, 'Harrison', 'Woodrow', '', '07 82 16 38 11', '', 'OUI'),
(74, 'Eisenhower', 'Zachary', '04/11/1998', '06 60 23 81 83', '', 'OUI'),
(75, 'Arthur', 'Bill', '', '', '', ''),
(76, 'Pierce', 'John', '07/05/1992', '06 01 45 07 58', '', ''),
(77, 'Fillmore', 'Gerald', '21/06/1992', '06 85 32 51 84', '', 'OUI'),
(78, 'Reagan', 'Calvin', '02/04/1996', '07 66 74 10 91', '', 'OUI'),
(79, 'Polk', 'Bill', '12/12/1997', '07 51 60 87 86', '', 'OUI'),
(80, 'Clinton', 'Rutherford', '18/03/1985', '', '', ''),
(81, 'Jackson', 'George', '05/01/1985', '06 18 17 10 41', '', ''),
(82, 'Johnson', 'Gerald', '', '', '', ''),
(83, 'McKinley', 'Franklin', '', '', '', ''),
(84, 'Nixon', 'Ulysses', '', '', '', ''),
(85, 'Fillmore', 'Abraham', '', '', '', ''),
(86, 'Harding', 'George', '25/02/1988', '06 80 41 76 25', '', ''),
(87, 'Hayes', 'William', '01/01/1952', '', '', ''),
(88, 'Adams', 'Jimmy', '16/03/1986', '06 49 82 45 74', '', ''),
(89, 'Hayes', 'George', '08/08/1983', '06 95 82 47 05', '', ''),
(90, 'Clinton', 'Harry', '14/12/1981', '07 64 47 52 19', '', ''),
(91, 'Harrison', 'Dwight', '21/07/1976', '', '', ''),
(92, 'Adams', 'Rutherford', '20/03/1969', '', '', ''),
(93, 'Fillmore', 'James', '28/05/1982', '06 63 67 98 43', '', ''),
(94, 'Wilson', 'Richard', '04/12/1957', '06 63 84 24 62', '', ''),
(95, 'Monroe', 'Richard', '17/09/1971', '06 63 84 24 62', '', ''),
(96, 'Cleveland', 'Ronald', '16/12/1988', '07 85 64 91 01', '', ''),
(97, 'Washington', 'Theodore', '09/10/1994', '', '', ''),
(98, 'Reagan', 'Woodrow', '18/01/1952', '09 83 90 45 00', '', ''),
(99, 'Tyler', 'Theodore', '17/10/1996', '06 18 30 56 98', '', ''),
(100, 'Monroe', 'James', '11/12/1999', '', '', ''),
(101, 'Reagan', 'Gerald', '10/04/2000', '06 68 67 98 82', '', ''),
(102, 'Harrison', 'Ulysses', '04/05/1995', '', '', ''),
(103, 'Garfield', 'Andrew', '06/11/1984', '', '', ''),
(104, 'Cleveland', 'Bill', '16/01/1992', '06 95 95 57 96', '', ''),
(105, 'Reagan', 'Abraham', '01/01/1970', '', '', 'OUI'),
(106, 'Harrison', 'Calvin', '', '06 45 16 34 50', '', 'OUI'),
(107, 'Washington', 'Chester', '', '06 08 26 31 50', '', 'OUI'),
(108, 'Garfield', 'Dwight', '', '06 88 00 10 65', '', 'OUI'),
(109, 'Harrison', 'Gerald', '01/12/1988', '06 08 76 39 45', '', 'OUI'),
(110, 'Arthur', 'Harry', '', '06 27 23 65 38', '', 'OUI'),
(111, 'Johnson', 'Richard', '', '', '', ''),
(112, 'Monroe', 'John', '', '06 48 61 27 60', '', ''),
(113, 'Coolidge', 'Zachary', '', '', '', ''),
(114, 'Reagan', 'William', '', '06 17 57 87 32', '', ''),
(115, 'Jefferson', 'Richard', '', '06 46 09 55 80', '', ''),
(116, 'Grant', 'Ronald', '03/01/1979', '06 08 84 71 25', '', ''),
(117, 'Grant', 'Benjamin', '15/06/1956', '06 89 61 59 87', '', ''),
(118, 'Van Buren', 'Chester', '11/04/1994', '06 73 64 26 79', '', 'OUI'),
(119, 'Reagan', 'Bill', '14/03/1990', '07 88 29 95 81', '', ''),
(120, 'Pierce', 'Harry', '19/11/1996', '06 29 32 00 38', '', ''),
(121, 'Harrison', 'Dwight', '20/09/1994', '07 64 25 37 96', '', ''),
(122, 'Harding', 'Grover', '19/01/1998', '06 64 55 75 88', '', ''),
(123, 'Johnson', 'Warren', '02/12/1971', '', '', 'OUI'),
(124, 'Madison', 'Dwight', '19/10/1971', '06 30 39 90 31', '', ''),
(125, 'Fillmore', 'Ronald', '24/06/1996', '07 81 12 13 04', '', ''),
(126, 'Taylor', 'Woodrow', '27/04/1992', '06 77 57 02 70', '', ''),
(127, 'Quincy', 'Herbert', '10/12/1981', '07 70 08 74 56', '', ''),
(128, 'Johnson', 'Gerald', '24/01/1975', '06 30 84 46 94', '', ''),
(129, 'Polk', 'Chester', '03/11/1977', '06 42 41 38 73', '', 'OUI, Ponctuelle'),
(130, 'Fillmore', 'Grover', '', '07 49 08 59 67', '', ''),
(131, 'Adams', 'Jimmy', '', '06 81 06 40 64', '', ''),
(132, 'Johnson', 'Franklin', '15/05/1986', '', '', ''),
(133, 'Coolidge', 'Bill', '28/10/1998', '07 89 95 62 72', '', ''),
(134, 'Hayes', 'Theodore', '27/01/1986', '06 07 86 15 22', '', 'OUI, Ponctuelle'),
(135, 'Adams', 'Dwight', '05/05/1990', '', '', ''),
(136, 'Adams', 'James', '01/01/1976', '06 66 06 41 41', '', ''),
(137, 'Monroe', 'Warren', '23/08/1974', '06 12 41 46 89', '', 'OUI, Ponctuelle'),
(138, 'Taft', 'Abraham', '05/07/1957', '06 81  35 03 50', '', ''),
(139, 'Taylor', 'John', '01/12/1984', '07 53 68 81 10', '', ''),
(140, 'Harrison', 'Franklin', '', '06 25 88 37 78', '', ''),
(141, 'Quincy', 'William', '', '06 07 87 57 87', '', ''),
(142, 'Nixon', 'Franklin', '01/01/1991', '06 05 88 85 61', '', 'OUI, Ponctuelle'),
(143, 'Kennedy', 'Grover', '28/05/1963', '06 71 30 45 10', '', ''),
(144, 'Kennedy', 'Rutherford', '12/09/1976', '06 04 13 38 55', '', ''),
(145, 'Jefferson', 'Warren', '', '', '', ''),
(146, 'Buchanan', 'Andrew', '10/01/1999', '07 49 61 23 21', '', ''),
(147, 'Harrison', 'Thomas', '31/07/1979', '07 81 62 79 81', '', ''),
(148, 'Arthur', 'Thomas', '12/06/1971', '06 32 40 59 19', '', ''),
(149, 'Tyler', 'Woodrow', '17/05/1983', '06 28 07 21 68', '', ''),
(150, 'Carter', 'Abraham', '11/08/1997', '06 45 38 04 94', '', 'Oui, Ponctuelle'),
(151, 'Nixon', 'Woodrow', '10/11/1957', '06 81 38 94 61', '', ''),
(152, 'Nixon', 'Warren', '01/01/1958', '06 70 31 38 37', '', ''),
(153, 'Quincy', 'Richard', '31/05/1963', '06 77 09 35 11', '', ''),
(154, 'Roosevelt', 'James', '21/02/1950', '06 99 37 40 85', '', ''),
(155, 'Taft', 'Richard', '07/01/1969', '06 88 08 53 06', '', ''),
(156, 'Clinton', 'Franklin', '27/12/1964', '06 14 37 41 87', '', ''),
(157, 'McKinley', 'Grover', '18/04/1976', '06 12 18 88 43', '', ''),
(158, 'Hoover', 'Rutherford', '11/10/1991', '06 66 26 49 41', '', ''),
(159, 'Van Buren', 'Grover', '12/02/1990', '06 27 02 11 05', '', ''),
(160, 'Harrison', 'Benjamin', '18/12/1990', '', '', ''),
(161, 'Coolidge', 'Thomas', '08/08/1990', '06 44 88 12 16', '', ''),
(162, 'Johnson', 'James', '06/02/1958', '06 11 08 39 78', '', ''),
(163, 'Carter', 'Thomas', '16/02/1996', '06 05 59 75 36', '', ''),
(164, 'Hoover', 'Harry', '11/10/1974', '06 79 24 74 74', '', ''),
(165, 'Adams', 'Benjamin', '06/03/1955', '06 81 67 21 50', '', ''),
(166, 'Pierce', 'Rutherford', '20/01/1976', '06 61 55 22 49', '', ''),
(167, 'Truman', 'Zachary', '20/06/1998', '05 61 42 55 24', '07 61 25 78 37', ''),
(168, 'Garfield', 'Woodrow', '13/11/1931', '', '', ''),
(169, 'Clinton', 'Chester', '19/05/1931', '', '', ''),
(170, 'Monroe', 'Ronald', '29/03/1988', '', '', ''),
(171, 'Eisenhower', 'Ulysses', '16/05/1972', '', '', ''),
(172, 'Roosevelt', 'Warren', '16/11/1958', '', '', ''),
(173, 'Taft', 'John', '25/08/1977', '', '', ''),
(174, 'Grant', 'Richard', '', '', '', ''),
(175, 'Polk', 'Theodore', '', '', '', ''),
(176, 'Madison', 'Rutherford', '22/06/1982', '06 60 88 75 68', '', ''),
(177, 'Roosevelt', 'Gerald', '24/10/1986', '07 53 05 67 37', '', ''),
(178, 'Cleveland', 'Gerald', '22/12/2001', '06 41 37 89 11', '', ''),
(179, 'Van Buren', 'Bill', '09/06/1998', '06 10 96 42 48', '', '');

-- --------------------------------------------------------

--
-- Structure de la table `ADHESION`
--

CREATE TABLE `ADHESION` (
  `Numero_adherent` int(3) DEFAULT NULL,
  `Annee` varchar(4) DEFAULT NULL,
  `Date_adhesion` varchar(10) DEFAULT NULL,
  `Montant` varchar(7) DEFAULT NULL,
  `Don` varchar(6) DEFAULT NULL,
  `Paiement` varchar(17) DEFAULT NULL
) ENGINE=InnoDB DEFAULT CHARSET=utf8mb4;

--
-- Déchargement des données de la table `ADHESION`
--

INSERT INTO `ADHESION` (`Numero_adherent`, `Annee`, `Date_adhesion`, `Montant`, `Don`, `Paiement`) VALUES
(1, '2015', '26/02/2015', '5', '', ''),
(2, '2015', '26/02/2015', '5', '', ''),
(3, '2015', '18/03/2015', '5', '', ''),
(4, '2015', '', '5', '', ''),
(5, '2015', '12/06/2015', '10', '', ''),
(6, '2015', '14/02/2015', '15', '', ''),
(7, '2015', '14/02/2015', '15', '', ''),
(8, '2015', '22/02/2015', '10', '', ''),
(9, '2015', '25/02/2015', '1', '', ''),
(10, '2015', '18/03/2015', '5', '', ''),
(11, '2015', '18/03/2015', '1', '', ''),
(12, '2015', '18/03/2015', '1', '', ''),
(13, '2015', '', '', '40,00', ''),
(14, '2015', '07/04/2015', '20', '', ''),
(15, '2015', '18/03/2015', '50', '', ''),
(16, '2015', '18/03/2015', '50', '', ''),
(17, '2015', '23/05/2015', '5', '', ''),
(18, '2015', '02/09/2015', '10', '', ''),
(19, '2015', '08/11/2015', '5', '', ''),
(20, '2015', '', '', '50,00', ''),
(21, '2015', '', '', '30,00', ''),
(22, '2015', '', '', '50,00', ''),
(23, '2015', '', '', '10,00', ''),
(1, '2016', '11/02/2016', '10,00', '', ''),
(2, '2016', '20/01/2016', '5,00', '', ''),
(3, '2016', '11/02/2016', '10,00', '', ''),
(4, '2016', '11/02/2016', '4,00', '', ''),
(5, '', '', '', '', ''),
(6, '', '', '', '', ''),
(7, '', '', '', '', ''),
(8, '', '', '', '', ''),
(9, '2016', '28/09/2016', '2,00', '', ''),
(10, '', '', '', '', ''),
(11, '', '', '', '', ''),
(12, '2016', '11/02/2016', '1,00', '', ''),
(13, '2016', '30/01/2016', '20,00', '', ''),
(14, '', '', '', '', ''),
(15, '2016', '28/03/2016', '', '25,00', ''),
(16, '2016', '', '', '25,00', ''),
(17, '2016', '07/01/2016', '10,00', '', ''),
(18, '2016', '17/01/2016', '10,00', '', ''),
(19, '', '', '', '', ''),
(20, '', '', '', '', ''),
(21, '2016', '18/01/2016', '50,00', '', ''),
(22, '', '', '', '', ''),
(23, '', '', '', '', ''),
(24, '2016', '07/01/2016', '15,00', '', ''),
(25, '2016', '09/05/2016', '20,00', '', ''),
(26, '2016', '20/03/2016', '10,00', '', ''),
(27, '2016', '', '5,00', '', ''),
(28, '2016', '28/03/2016', '', '5,00', ''),
(29, '2016', '28/03/2016', '', '5,00', ''),
(30, '2016', '05/03/2016', '', '20,00', ''),
(1, '2017', '13/03/2017', '10,00', '', 'espèces'),
(2, '2017', '29/12/2017', '10,00', '', 'espèces'),
(3, '', '', '', '', ''),
(4, '2017', '', '1,00', '', 'espèces'),
(5, '2017', '', '1,00', '', 'espèces'),
(6, '', '', '', '', ''),
(7, '', '', '', '', ''),
(8, '', '', '', '', ''),
(9, '2017', '23/05/2017', '1,00', '', 'espèces'),
(10, '', '', '', '', ''),
(11, '', '', '', '', ''),
(12, '', '', '', '', ''),
(13, '', '', '', '', ''),
(14, '2017', '20/03/2017', '20,00', '', 'chèque'),
(15, '2017', '22/04/2017', '', '25,00', 'chèque'),
(16, '2017', '', '', '25,00', 'chèque'),
(17, '', '', '', '', ''),
(18, '2017', '', '1,00', '', 'espèces'),
(19, '', '', '', '', ''),
(20, '', '', '', '', ''),
(21, '', '', '', '', ''),
(22, '', '', '', '', ''),
(23, '', '', '', '', ''),
(24, '', '', '', '', ''),
(25, '', '', '', '', ''),
(26, '', '', '', '', ''),
(27, '', '', '', '', ''),
(28, '', '', '', '', ''),
(29, '', '', '', '', ''),
(30, '', '', '', '', ''),
(31, '2017', '31/01/2017', '10,00', '', 'chèque'),
(32, '2017', '02/06/2017', '50,00', '', 'chèque'),
(33, '2017', '29/12/2017', '2,00', '', 'espèces'),
(34, '2017', '29/12/2017', '', '530,00', 'chèque'),
(1, '2018', '17/01/2018', '1,00', '', 'espèces'),
(2, '2018', '17/01/2018', '1,00', '', 'espèces'),
(3, '', '', '', '', ''),
(4, '', '', '', '', ''),
(5, '', '', '', '', ''),
(6, '2018', '12/01/2018', '15,00', '', 'chèque'),
(7, '2018', '12/01/2018', '15,00', '', 'chèque'),
(8, '', '', '', '', ''),
(9, '', '', '', '', ''),
(10, '', '', '', '', ''),
(11, '', '', '', '', ''),
(12, '2018', '12/12/2018', '1,00', '', 'espèces'),
(13, '', '', '', '', ''),
(14, '', '', '', '', ''),
(15, '', '', '', '', ''),
(16, '', '', '', '', ''),
(17, '2018', '02/02/2018', '10,00', '', 'espèces'),
(18, '', '', '', '', ''),
(19, '', '', '', '', ''),
(20, '', '', '', '', ''),
(21, '', '', '', '', ''),
(22, '', '', '', '', ''),
(23, '', '', '', '', ''),
(24, '', '', '', '', ''),
(25, '', '', '', '', ''),
(26, '', '', '', '', ''),
(27, '', '', '', '', ''),
(28, '', '', '', '', ''),
(29, '', '', '', '', ''),
(30, '', '', '', '', ''),
(31, '', '', '', '', ''),
(32, '', '', '', '', ''),
(33, '', '', '', '', ''),
(34, '2018', '12/12/2018', '530,00', '', 'chèque'),
(35, '2018', '02/02/2018', '5,00', '', 'espèces'),
(36, '2018', '02/02/2018', '4,00', '', 'espèces'),
(37, '2018', '03/02/2018', '25,00', '', 'chèque'),
(38, '2018', '05/03/2018', '15,00', '', 'chèque'),
(39, '2018', '20/03/2018', '20,00', '', 'chèque'),
(40, '2018', '20/03/2018', '50,00', '', 'chèque'),
(41, '2018', '07/07/2018', '5,00', '', 'espèces'),
(42, '2018', '12/12/2018', '1,00', '', 'espèces'),
(43, '2018', '12/12/2018', '1,00', '', 'espèces'),
(1, '2019', '30/12/2019', '', '270,00', 'espèce'),
(2, '2019', '02/03/2019', '2,00', '', 'espèce'),
(3, '', '', '', '', ''),
(4, '', '', '', '', ''),
(5, '', '', '', '', ''),
(6, '2019', '16/05/2019', '15,00', '', 'helloasso'),
(7, '2019', '16/05/2019', '15,00', '', 'helloasso'),
(8, '', '', '', '', ''),
(9, '', '', '', '', ''),
(10, '', '', '', '', ''),
(11, '', '', '', '', ''),
(12, '2019', '06/05/2019', '10,00', '', 'helloasso'),
(13, '', '', '', '', ''),
(14, '', '', '', '', ''),
(15, '2019', '04/12/2019', '50,00', '', 'helloasso'),
(16, '2019', '', '50,00', '', 'helloasso'),
(17, '', '', '', '', ''),
(18, '', '', '', '', ''),
(19, '', '', '', '', ''),
(20, '2019', '', '', '50,00', 'chèque'),
(21, '2019', '', '', '50,00', 'chèque'),
(22, '', '', '', '', ''),
(23, '', '', '', '', ''),
(24, '', '', '', '', ''),
(25, '', '', '', '', ''),
(26, '', '', '', '', ''),
(27, '', '', '', '', ''),
(28, '', '', '', '', ''),
(29, '', '', '', '', ''),
(30, '', '', '', '', ''),
(31, '', '', '', '', ''),
(32, '', '', '', '', ''),
(33, '', '', '', '', ''),
(34, '2019', '', '530,00', '', 'chèque'),
(35, '', '', '', '', ''),
(36, '', '', '', '', ''),
(37, '2019', '15/06/2019', '30,00', '', 'chèque'),
(38, '2019', '23/05/2019', '15,00', '', 'chèque'),
(39, '2019', '20/05/2019', '30,00', '', 'helloasso'),
(40, '2019', '20/05/2019', '30,00', '', 'helloasso'),
(41, '', '', '', '', ''),
(42, '2019', '04/02/2019', '2,00', '', 'espèce'),
(43, '', '', '', '', ''),
(44, '2019', '26/04/2019', '5,00', '', 'helloasso'),
(45, '2019', '20/12/2019', '10,00', '', 'helloasso'),
(46, '2019', '30/05/2019', '12,00', '', 'helloasso'),
(47, '2019', '05/12/2019', '20,00', '', 'helloasso'),
(48, '2019', '05/12/2019', '50,00', '', 'helloasso'),
(49, '2019', '19/10/2019', '1,00', '', 'espèce'),
(50, '2019', '19/10/2019', '2,00', '', 'espèce'),
(51, '2019', '19/10/2019', '0,50', '', 'espèce'),
(52, '2019', '19/10/2019', '1,50', '', 'espèce'),
(53, '2019', '19/10/2019', '4,00', '', 'espèce'),
(54, '2019', '19/10/2019', '1,00', '', 'espèce'),
(55, '2019', '19/10/2019', '1,00', '', 'espèce'),
(56, '2019', '19/10/2019', '1,00', '', 'espèce'),
(57, '2019', '19/10/2019', '1,00', '', 'espèce'),
(58, '2019', '19/10/2019', '', '400,00', 'chèque'),
(59, '2019', '19/10/2019', '15,00', '', 'espèce'),
(60, '2019', '19/10/2019', '15,00', '', 'chèque'),
(61, '2019', '10/05/2019', '1,00', '', 'espèce'),
(1, '2020', '03/10/2020', '950,00', '', 'helloasso'),
(2, '2020', '20/10/2020', '10,00', '', 'helloasso'),
(3, '', '', '', '', ''),
(4, '', '', '', '', ''),
(5, '', '', '', '', ''),
(6, '2020', '30/12/2020', '10,00', '', 'chèque'),
(7, '2020', '30/12/2020', '10,00', '', 'chèque'),
(8, '', '', '', '', ''),
(9, '', '', '', '', ''),
(10, '', '', '', '', ''),
(11, '', '', '', '', ''),
(12, '', '', '', '', ''),
(13, '2020', '30/12/2020', '100,00', '', 'helloasso'),
(14, '', '', '', '', ''),
(15, '2020', '14/12/2020', '25,00', '', 'chèque'),
(16, '2020', '14/12/2020', '25,00', '', 'chèque'),
(17, '', '', '', '', ''),
(18, '', '', '', '', ''),
(19, '', '', '', '', ''),
(20, '2020', '10/12/2020', '50,00', '', 'chèque'),
(21, '2020', '01/11/2020', '50,00', '', 'chèque'),
(22, '', '', '', '', ''),
(23, '', '', '', '', ''),
(24, '', '', '', '', ''),
(25, '', '', '', '', ''),
(26, '', '', '', '', ''),
(27, '', '', '', '', ''),
(28, '2020', '31/12/2020', '10,00', '', 'helloasso'),
(29, '2020', '31/12/2020', '10,00', '', 'helloasso'),
(30, '', '', '', '', ''),
(31, '', '', '', '', ''),
(32, '', '', '', '', ''),
(33, '', '', '', '', ''),
(34, '2020', '31/10/2020', '300,00', '', 'helloasso'),
(35, '2020', '23/12/2020', '10,00', '', 'helloasso'),
(36, '', '', '', '', ''),
(37, '2020', '17/02/2020', '30,00', '', 'chèque'),
(38, '2020', '02/11/2020', '5,00', '', 'helloasso'),
(39, '2020', '24/12/2020', '30,00', '', 'helloasso'),
(40, '2020', '24/12/2020', '30,00', '', 'helloasso'),
(41, '', '', '', '', ''),
(42, '2020', '', '1,00', '', 'espece'),
(43, '', '', '', '', ''),
(44, '2020', '31/12/2020', '1,00', '', 'espece'),
(45, '2020', '24/10/2020', '25,00', '', 'chèque'),
(46, '2020', '01/11/2020', '10,00', '', 'helloasso'),
(47, '', '', '', '', ''),
(48, '2020', '31/12/2020', '10,00', '', 'helloasso'),
(49, '2020', '30/12/2020', '1,00', '', 'helloasso'),
(50, '', '', '', '', ''),
(51, '', '', '', '', ''),
(52, '', '', '', '', ''),
(53, '2020', '06/02/2020', '7,00', '', 'espèce'),
(54, '', '', '', '', ''),
(55, '', '', '', '', ''),
(56, '2020', '29/12/2020', '3,00', '', 'helloasso'),
(57, '', '', '', '', ''),
(58, '', '', '', '', ''),
(59, '2020', '30/12/2020', '5,00', '', 'helloasso'),
(60, '', '', '', '', ''),
(61, '', '', '', '', ''),
(62, '2020', '06/02/2020', '10,00', '', 'chèque'),
(63, '2020', '06/02/2020', '10,00', '', 'chèque'),
(64, '2020', '15/01/2020', '12,00', '', 'chèque'),
(65, '2020', '06/02/2020', '2,00', '', 'espèce'),
(66, '2020', '08/07/2020', '20,00', '', 'espèce'),
(67, '2020', '08/06/2020', '50,00', '', 'espèce'),
(68, '2020', '08/07/2020', '1,00', '', 'espèce'),
(69, '2020', '24/07/2020', '1,00', '', 'espèce'),
(70, '2020', '24/07/2020', '0,50', '', 'espèce'),
(71, '2020', '06/02/2020', '1,10', '', 'espèce'),
(72, '2020', '30/12/2020', '5,00', '', 'espece'),
(73, '2020', '06/02/2020', '2,00', '', 'espèce'),
(74, '2020', '06/02/2020', '1,00', '', 'espèce'),
(75, '2020', '', '10,00', '', 'espèce'),
(76, '2020', '01/10/2020', '40,00', '', 'chèque'),
(77, '', '', '', '', ''),
(78, '', '', '', '', ''),
(79, '', '', '', '', ''),
(80, '2020', '24/12/2020', '1,00', '', 'helloasso'),
(81, '2020', '24/12/2020', '1,00', '', 'helloasso'),
(82, '2020', '29/12/2020', '3,00', '', 'helloasso'),
(83, '2020', '29/12/2020', '1,00', '', 'helloasso'),
(84, '2020', '30/12/2020', '1,00', '', 'helloasso'),
(85, '2020', '30/12/2020', '10,00', '', 'helloasso'),
(86, '2020', '30/12/2020', '5,00', '', 'helloasso'),
(87, '2020', '31/12/2020', '1,00', '', 'helloasso'),
(88, '2020', '31/12/2020', '1,00', '', 'helloasso'),
(89, '2020', '31/12/2020', '1,00', '', 'helloasso'),
(90, '2020', '31/12/2020', '1,00', '', 'helloasso'),
(91, '2020', '31/12/2020', '1,00', '', 'helloasso'),
(92, '2020', '31/12/2020', '1,00', '', 'helloasso'),
(93, '2020', '31/12/2020', '1,00', '', 'espece'),
(94, '2020', '31/12/2020', '0,50', '', 'espece'),
(95, '2020', '31/12/2020', '0,50', '', 'espece'),
(96, '2020', '03/12/2020', '5,00', '', 'espece'),
(97, '2020', '31/12/2020', '10,00', '', 'helloasso'),
(1, '2021', '10/07/2021', '930,00', '', 'helloasso'),
(2, '2021', '13/12/2021', '5,00', '', 'helloasso'),
(3, '2021', '', '', '', ''),
(4, '2021', '', '', '', ''),
(5, '2021', '', '', '', ''),
(6, '2021', '07/11/2021', ' ', '', 'Chèque'),
(7, '2021', '07/11/2021', '15,00', '', 'Chèque'),
(8, '2021', '', '', '', ''),
(9, '2021', '', '', '', ''),
(10, '2021', '', '', '', ''),
(11, '2021', '', '', '', ''),
(12, '2021', '', '', '', ''),
(13, '2021', '31/12/2021', '50,00', '', 'helloasso'),
(14, '2021', '', '', '', ''),
(15, '2021', '05/12/2021', '30,00', '', 'virement bancaire'),
(16, '2021', '05/12/2021', '30,00', '', 'virement bancaire'),
(17, '2021', '', '', '', ''),
(18, '2021', '', '', '', ''),
(19, '2021', '', '', '', ''),
(20, '2021', '', '', '', ''),
(21, '2021', '25/07/2021', '50,00', '', 'chèque'),
(22, '2021', '', '', '', ''),
(23, '2021', '', '', '', ''),
(24, '2021', '', '', '', ''),
(25, '2021', '', '', '', ''),
(26, '2021', '', '', '', ''),
(27, '2021', '', '', '', ''),
(28, '2021', '31/12/2021', '25,00', '', 'helloasso'),
(29, '2021', '31/12/2021', '25,00', '', 'helloasso'),
(30, '2021', '', '', '', ''),
(31, '2021', '', '', '', ''),
(32, '2021', '', '', '', ''),
(33, '2021', '', '', '', ''),
(34, '2021', '06/12/2021', '1000,00', '', 'hello asso'),
(35, '2021', '', '', '', ''),
(36, '2021', '', '', '', ''),
(37, '2021', '03/07/2021', '30,00', '', 'espèces'),
(38, '2021', '28/12/2021', '7,00', '', 'helloasso'),
(39, '2021', '03/07/2021', '1,00', '', 'espèces'),
(40, '2021', '', '', '', ''),
(41, '2021', '', '', '', ''),
(42, '2021', '10/04/2021', '1,00', '', 'helloasso'),
(43, '2021', '', '', '', ''),
(44, '2021', '', '', '', ''),
(45, '2021', '21/12/2021', '25,00', '', 'chèque'),
(46, '2021', '14/12/2021', '20,00', '', 'helloasso'),
(47, '2021', '', '', '', ''),
(48, '2021', '10/12/2021', '20,00', '', 'helloasso'),
(49, '2021', '08/03/2021', '1,00', '', 'espèces'),
(50, '2021', '', '', '', ''),
(51, '2021', '', '', '', ''),
(52, '2021', '', '', '', ''),
(53, '2021', '', '', '', ''),
(54, '2021', '', '', '', ''),
(55, '2021', '', '', '', ''),
(56, '2021', '03/07/2021', '2,00', '', 'espèces'),
(57, '2021', '', '', '', ''),
(58, '2021', '', '', '', ''),
(59, '2021', '06/12/2021', '30,00', '', 'espèces'),
(60, '2021', '', '', '', ''),
(61, '2021', '14/12/2021', '10,00', '', 'helloasso'),
(62, '2021', '', '', '', ''),
(63, '2021', '', '', '', ''),
(64, '2021', '', '', '', ''),
(65, '2021', '', '', '', ''),
(66, '2021', '', '', '', ''),
(67, '2021', '25/09/2021', '20,00', '', 'espèces'),
(68, '2021', '', '', '', ''),
(69, '2021', '', '', '', ''),
(70, '2021', '', '', '', ''),
(71, '2021', '', '', '', ''),
(72, '2021', '31/12/2021', '1,00', '', 'helloasso'),
(73, '2021', '', '', '', ''),
(74, '2021', '', '', '', ''),
(75, '2021', '', '', '', ''),
(76, '2021', '', '', '', ''),
(77, '2021', '', '', '', ''),
(78, '2021', '', '', '', ''),
(79, '2021', '', '', '', ''),
(80, '2021', '03/07/2021', '0,50', '', 'espèces'),
(81, '2021', '03/07/2021', '0,50', '', 'espèces'),
(82, '2021', '03/07/2021', '1,00', '', 'espèces'),
(83, '2021', '', '', '', ''),
(84, '2021', '', '', '', ''),
(85, '2021', '', '', '', ''),
(86, '2021', '', '', '', ''),
(87, '2021', '17/07/2021', '1,00', '', 'espèces'),
(88, '2021', '17/07/2021', '1,00', '', 'espèces'),
(89, '2021', '18/07/2021', '1,00', '', 'espèces'),
(90, '2021', '17/07/2021', '1,00', '', 'espèces'),
(91, '2021', '17/07/2021', '1,00', '', 'espèces'),
(92, '2021', '17/07/2021', '1,00', '', 'espèces'),
(93, '2021', '12/05/2021', '', '', ''),
(94, '2021', '18/08/2021', '2,50', '', 'espèces'),
(95, '2021', '18/08/2021', '2,50', '', 'espèces'),
(96, '2021', '31/12/2021', '4,00', '', 'helloasso'),
(97, '2021', '27/12/2021', '100,00', '', 'helloasso'),
(98, '2021', '21/01/2021', '1,00', '', 'espèces'),
(99, '2021', '22/01/2021', '2,70', '', 'espèces'),
(100, '2021', '13/03/2021', '5,00', '', 'helloasso'),
(101, '2021', '22/02/2021', '2,00', '', 'espèces'),
(102, '2021', '', '5,00', '', 'espèces'),
(103, '2021', '22/01/2021', '2,00', '', 'espèces'),
(104, '2021', '22/01/2021', '0,20', '', 'espèces'),
(105, '2021', '31/03/2021', '10,00', '', 'helloasso'),
(106, '2021', '', '8,00', '', ''),
(107, '2021', '', '', '', ''),
(108, '2021', '', '', '', ''),
(109, '2021', '06/01/2021', '10,00', '', 'helloasso'),
(110, '2021', '', '', '', ''),
(111, '2021', '', '', '', ''),
(112, '2021', '', '5,00', '', ''),
(113, '2021', '18/08/2021', '5,00', '', 'espèces'),
(114, '2021', '31/08/2021', '5,00', '', 'helloasso'),
(115, '2021', '23/08/2021', '5,00', '', 'helloasso'),
(116, '2021', '25/09/2021', '8,00', '', 'espèces'),
(117, '2021', '25/09/2021', '5,00', '', 'espèces'),
(118, '2021', '25/09/2021', '5,00', '', 'espèces'),
(119, '2021', '25/09/2021', '5,00', '', 'espèces'),
(120, '2021', '25/09/2021', '2,00', '', 'espèces'),
(121, '2021', '25/09/2021', '2,00', '', 'espèces'),
(122, '2021', '25/09/2021', '2,00', '', 'espèces'),
(123, '2021', '25/09/2021', '10,00', '', 'espèces'),
(124, '2021', '25/09/2021', '10,00', '', 'espèces'),
(125, '2021', '25/09/2021', '10,00', '', 'virement bancaire'),
(126, '2021', '25/09/2021', '10,00', '', 'virement bancaire'),
(127, '2021', '25/09/2021', '5,00', '', 'espèces'),
(128, '2021', '25/09/2021', '5,00', '', 'espèces'),
(129, '2021', '31/10/2021', '10,00', '', 'espèces'),
(130, '2021', '31/10/2021', '5,00', '', 'espèces'),
(131, '2021', '', '', '', ''),
(132, '2021', '31/10/2021', '5,00', '', 'espèces'),
(133, '2021', '31/10/2021', '5,00', '', 'espèces'),
(134, '2021', '31/10/2021', '5,00', '', 'espèces'),
(135, '2021', '31/10/2021', '2,00', '', 'espèces'),
(136, '2021', '31/10/2021', '', '', 'espèces'),
(137, '2021', '31/10/2021', '5,00', '', 'espèces'),
(138, '2021', '31/10/2021', '20,00', '', 'espèces'),
(139, '2021', '31/10/2021', '', '', 'espèces'),
(140, '2021', '01/10/2021', '299,00', '', 'espèces'),
(141, '2021', '01/10/2021', '1,00', '', 'espèces'),
(142, '2021', '08/11/2021', '1,00', '', 'espèces'),
(143, '2021', '22/11/2021', '15,00', '', 'chèque'),
(144, '2021', '22/11/2021', '15,00', '', 'chèque'),
(145, '2021', '20/11/2021', '10,00', '', 'espèces'),
(146, '2021', '20/11/2021', '0,30', '', 'espèces'),
(147, '2021', '20/11/2021', '20,00', '', 'chèque'),
(148, '2021', '20/11/2021', '10,00', '', 'espèces'),
(149, '2021', '20/11/2021', '5,00', '', 'espèces'),
(150, '2021', '01/12/2021', '10,00', '', 'espèces'),
(151, '2021', '03/07/2021', '10,00', '', 'espèces'),
(152, '2021', '03/07/2021', '10,00', '', 'espèces'),
(153, '2021', '03/07/2021', '20,00', '', 'espèces'),
(154, '2021', '03/07/2021', '1,10', '', 'espèces'),
(155, '2021', '03/07/2021', '20,00', '', 'virement bancaire'),
(156, '2021', '03/07/2021', '1,00', '', 'espèces'),
(157, '2021', '03/07/2021', '10,00', '', 'espèces'),
(158, '2021', '03/07/2021', '5,00', '', 'espèces'),
(159, '2021', '03/07/2021', '4,00', '', 'espèces'),
(160, '2021', '03/07/2021', '5,00', '', 'espèces'),
(161, '2021', '03/07/2021', '3,00', '', 'espèces'),
(162, '2021', '03/07/2021', '20,00', '', 'espèces'),
(163, '2021', '03/07/2021', '2,00', '', 'espèces'),
(164, '2021', '03/07/2021', '10,00', '', 'espèces'),
(165, '2021', '27/11/2021', '3,00', '', 'espèces'),
(166, '2021', '27/11/2021', '1,00', '', 'espèces'),
(167, '2021', '27/11/2021', '10,00', '', 'espèces'),
(168, '2021', '05/12/2021', '20,00', '', 'virement bancaire'),
(169, '2021', '05/12/2021', '20,00', '', 'virement bancaire'),
(170, '2021', '01/12/2021', '1,00', '', 'hello asso'),
(171, '2021', '30/11/2021', '10,00', '', 'hello asso'),
(172, '2021', '31/08/2021', '5,00', '', 'hello asso'),
(173, '2021', '06/10/2021', '20,00', '', 'hello asso'),
(174, '2021', '14/12/2021', '10,00', '', 'hello asso'),
(175, '2021', '13/12/2021', '5,00', '', 'hello asso'),
(176, '2021', '14/12/2021', '10,00', '', 'chèque'),
(177, '2021', '15/12/2021', '0,10', '', 'espèces'),
(178, '2021', '13/12/2021', '1,09', '', 'espèces'),
(179, '2021', '20/12/2021', '8,00', '', 'espèces');

-- --------------------------------------------------------

--
-- Structure de la table `ADRESSE`
--

CREATE TABLE `ADRESSE` (
  `Numero_adherent` int(3) NOT NULL,
  `Rue` varchar(21) DEFAULT NULL,
  `Ville` varchar(14) DEFAULT NULL
) ENGINE=InnoDB DEFAULT CHARSET=utf8mb4;

--
-- Déchargement des données de la table `ADRESSE`
--

INSERT INTO `ADRESSE` (`Numero_adherent`, `Rue`, `Ville`) VALUES
(1, 'South Highway', 'Nashville'),
(2, 'Steele Lane', 'Dover'),
(3, 'Richmond Hill', 'Lincoln'),
(4, 'South Roosevelt Drive', 'Harrisburg'),
(5, 'Harry S Truman Blvd', 'Atlanta'),
(6, 'South Highway', 'Saint Paul'),
(7, 'Cleveland Ave.', 'Bismarck'),
(8, 'Bailard Avenue', 'Topeka'),
(9, 'E Fowler Avenue', 'Richmond'),
(10, 'Bayshore Freeway', 'Frankfort'),
(11, 'Tully Road East', 'Dover'),
(12, 'East Fry Blvd.', 'Nashville'),
(13, 'Corona Del Mar', 'Concord'),
(14, 'Via Real', 'Providence'),
(15, 'Harry S Truman Blvd', 'Little Rock'),
(16, 'Pacific Hwy S', 'Montpelier'),
(17, 'E Fowler Avenue', 'Raleigh'),
(18, 'Steele Lane', 'Annapolis'),
(19, 'Carpinteria Avenue', 'Trenton'),
(20, 'Cabrillo Highway', 'Columbia'),
(21, 'North Erringer Road', 'Little Rock'),
(22, 'South Highway', 'Phoenix'),
(23, 'Harry S Truman Blvd', 'Springfield'),
(24, 'Lindbergh Blvd', 'Atlanta'),
(25, 'North Broadway Street', 'Harrisburg'),
(26, 'Bailard Avenue', 'Nashville'),
(27, 'Timberlane Drive', 'Columbia'),
(28, 'Bayshore Freeway', 'Raleigh'),
(29, 'Cabrillo Highway', 'Frankfort'),
(30, 'E Fowler Avenue', 'Salt Lake City'),
(31, 'Lawrenceville Suwanee', 'Carson City'),
(32, 'Via Real', 'Saint Paul'),
(33, 'Padre Boulevard', 'Jackson'),
(34, 'Hutchinson Rd', 'Baton Rouge'),
(35, 'Corona Del Mar', 'Olympia'),
(36, 'Cleveland Ave.', 'Madison'),
(37, 'Carpinteria South', 'Lansing'),
(38, 'El Camino Real', 'Sacramento'),
(39, 'North Broadway Street', 'Raleigh'),
(40, 'S Rustle St', 'Madison'),
(41, 'Lake Tahoe Blvd.', 'Salt Lake City'),
(42, 'North Preisker Lane', 'Lansing'),
(43, 'Burnett Road', 'Raleigh'),
(44, 'Timberlane Drive', 'Albany'),
(45, 'Newbury Road', 'Sacramento'),
(46, 'Fairview Avenue', 'Salt Lake City'),
(47, 'Monroe Street', 'Boise'),
(48, 'North Preisker Lane', 'Saint Paul'),
(49, 'San Luis Obispo North', 'Frankfort'),
(50, 'East Main Street', 'Carson City'),
(51, 'East 1st Street', 'Lincoln'),
(52, 'Castillo Drive', 'Providence'),
(53, 'El Camino Real', 'Salt Lake City'),
(54, 'W. Russell St.', 'Montpelier'),
(55, 'Bowles Avenue', 'Honolulu'),
(56, 'North Ventu Park Road', 'Lansing'),
(57, 'E Fowler Avenue', 'Santa Fe'),
(58, 'North Erringer Road', 'Honolulu'),
(59, 'Bowles Avenue', 'Austin'),
(60, 'Santa Ana Freeway', 'Jackson'),
(61, 'San Diego Freeway', 'Hartford'),
(62, 'North Broadway Street', 'Denver'),
(63, 'Pacific Hwy S', 'Jackson'),
(64, 'San Simeon', 'Columbia'),
(65, 'North Broadway Street', 'Lincoln'),
(66, 'San Luis Obispo North', 'Annapolis'),
(67, 'Timberlane Drive', 'Montgomery'),
(68, 'Erringer Road', 'Juneau'),
(69, 'San Ysidro Blvd', 'Providence'),
(70, 'North Broadway Street', 'Bismarck'),
(71, 'Fontaine Road', 'Trenton'),
(72, 'Harry S Truman Blvd', 'Lansing'),
(73, 'East Calle Primera', 'Baton Rouge'),
(74, 'Richmond Hill', 'Jackson'),
(75, 'Santa Rosa South', 'Jefferson City'),
(76, 'Tanger Blvd', 'Tallahassee'),
(77, 'Lake Tahoe Blvd.', 'Harrisburg'),
(78, 'Bayshore Freeway', 'Madison'),
(79, 'Greenwood Road', 'Raleigh'),
(80, 'Carpinteria Avenue', 'Jackson'),
(81, 'El Camino Real', 'Dover'),
(82, 'East Fry Blvd.', 'Providence'),
(83, 'Woodson Rd.', 'Columbus'),
(84, 'East 1st Street', 'Jackson'),
(85, 'San Luis Obispo North', 'Augusta'),
(86, 'Lake Tahoe Blvd.', 'Tallahassee'),
(87, 'N Kentwood', 'Salt Lake City'),
(88, 'Steele Lane', 'Frankfort'),
(89, 'Camelback Rd', 'Trenton'),
(90, 'Santa Ana Freeway', 'Concord'),
(91, 'N Harrison St', 'Salt Lake City'),
(92, 'East Fry Blvd.', 'Columbia'),
(93, 'Corona Del Mar', 'Lansing'),
(94, 'North Preisker Lane', 'Dover'),
(95, 'San Ysidro Blvd', 'Boston'),
(96, 'Lawrenceville Suwanee', 'Columbus'),
(97, 'Newbury Road', 'Olympia'),
(98, 'Cleveland Ave.', 'Richmond'),
(99, 'San Luis Obispo North', 'Frankfort'),
(100, 'Carpinteria Avenue', 'Boise'),
(101, 'Milpas Street', 'Carson City'),
(102, 'S Rustle St', 'Jackson'),
(103, 'Fontaine Road', 'Augusta'),
(104, 'Westside Freeway', 'Salem'),
(105, 'North Broadway Street', 'Salem'),
(106, 'Apalachee Parkway', 'Tallahassee'),
(107, 'San Simeon', 'Phoenix'),
(108, 'North Ventu Park Road', 'Frankfort'),
(109, 'Bayshore Freeway', 'Carson City'),
(110, 'Greenwood Road', 'Jackson'),
(111, 'Katella Avenue', 'Tallahassee'),
(112, 'Hutchinson Rd', 'Charleston'),
(113, 'Erringer Road', 'Helena'),
(114, 'North Broadway Street', 'Salt Lake City'),
(115, 'Cerrillos Road', 'Nashville'),
(116, 'San Marcos', 'Salem'),
(117, 'S Rustle St', 'Augusta'),
(118, 'Westside Freeway', 'Indianapolis'),
(119, 'South Roosevelt Drive', 'Des Moines'),
(120, 'Carpinteria South', 'Frankfort'),
(121, 'Erringer Road', 'Bismarck'),
(122, 'Santa Monica Road', 'Richmond'),
(123, 'Newbury Road', 'Lincoln'),
(124, 'San Simeon', 'Jackson'),
(125, 'North Atherton Street', 'Indianapolis'),
(126, 'Santa Rosa South', 'Charleston'),
(127, 'Lawrenceville Suwanee', 'Trenton'),
(128, 'Camelback Rd', 'Carson City'),
(129, 'Carpinteria South', 'Montgomery'),
(130, 'Bayshore Freeway', 'Bismarck'),
(131, 'N Harrison St', 'Frankfort'),
(132, 'Cerrillos Road', 'Indianapolis'),
(133, 'Greenwood Road', 'Providence'),
(134, 'Richmond Hill', 'Madison'),
(135, 'San Ysidro Blvd', 'Lansing'),
(136, 'Santa Rosa North', 'Baton Rouge'),
(137, 'Lake Tahoe Blvd.', 'Concord'),
(138, 'San Diego Freeway', 'Columbus'),
(139, 'Lindbergh Blvd', 'Jefferson City'),
(140, 'El Camino Real', 'Columbia'),
(141, 'Pacific Hwy S', 'Salem'),
(142, 'Westside Freeway', 'Boise'),
(143, 'S Rustle St', 'Augusta'),
(144, 'Cleveland Ave.', 'Trenton'),
(145, 'Woodson Rd.', 'Baton Rouge'),
(146, 'Tanger Blvd', 'Juneau'),
(147, 'Harry S Truman Blvd', 'Atlanta'),
(148, 'Santa Rosa South', 'Little Rock'),
(149, 'Cabrillo Highway', 'Albany'),
(150, 'South Highway', 'Topeka'),
(151, 'Fairview Avenue', 'Lansing'),
(152, 'Carpinteria North', 'Little Rock'),
(153, 'El Camino Real', 'Raleigh'),
(154, 'Camelback Rd', 'Bismarck'),
(155, 'Bayshore Freeway', 'Dover'),
(156, 'Greenwood Road', 'Frankfort'),
(157, 'San Marcos', 'Helena'),
(158, 'E Fowler Avenue', 'Honolulu'),
(159, 'San Simeon', 'Charleston'),
(160, 'Harry S Truman Blvd', 'Raleigh'),
(161, 'East Calle Primera', 'Pierre'),
(162, 'Pacific Hwy S', 'Little Rock'),
(163, 'Tanger Blvd', 'Tallahassee'),
(164, 'Grandview Drive', 'Atlanta'),
(165, 'Corona Del Mar', 'Hartford'),
(166, 'Tully Road East', 'Albany'),
(167, 'Timberlane Drive', 'Saint Paul'),
(168, 'Castillo Drive', 'Providence'),
(169, 'Calle Real', 'Santa Fe'),
(170, 'Harry S Truman Blvd', 'Concord'),
(171, 'North Atherton Street', 'Denver'),
(172, 'E Fowler Avenue', 'Montgomery'),
(173, 'Cleveland Ave.', 'Montpelier'),
(174, 'Padre Boulevard', 'Hartford'),
(175, 'Timberlane Drive', 'Topeka'),
(176, 'Redwood Highway', 'Tallahassee'),
(177, 'N Kentwood', 'Olympia'),
(178, 'Tully Road East', 'Oklahoma City'),
(179, 'Santa Monica Road', 'Jackson');

-- --------------------------------------------------------

--
-- Structure de la table `VILLE`
--

CREATE TABLE `VILLE` (
  `Ville` varchar(255) NOT NULL,
  `Latitude_Ville` decimal(9,6) DEFAULT NULL,
  `Longitude_Ville` decimal(9,6) DEFAULT NULL,
  `Etat` varchar(255) NOT NULL
) ENGINE=InnoDB DEFAULT CHARSET=utf8mb4;

--
-- Déchargement des données de la table `VILLE`
--

INSERT INTO `VILLE` (`Ville`, `Latitude_Ville`, `Longitude_Ville`, `Etat`) VALUES
('Albany', 2.652570, 73.756230, 'Colorado'),
('Annapolis', 8.978440, 76.492180, 'Montana'),
('Annapolis', 8.978440, 76.492180, 'New Jersey'),
('Atlanta', 3.748995, 84.387982, 'Kentucky'),
('Atlanta', 3.748995, 84.387982, 'Massachusetts'),
('Augusta', 3.473490, 82.010510, 'Montana'),
('Austin', 0.267150, 97.743060, 'Wisconsin'),
('Baton Rouge', 0.458280, 91.140320, 'Louisiana'),
('Baton Rouge', 0.458280, 91.140320, 'Ohio'),
('Bismarck', 6.808320, 100.783730, 'Iowa'),
('Bismarck', 6.808320, 100.783730, 'South Carolina'),
('Boise', 3.618710, 116.214600, 'Idaho'),
('Carson City', 9.163790, 119.767400, 'Alaska'),
('Carson City', 9.163790, 119.767400, 'Indiana'),
('Columbia', 0.570860, 74.297330, 'Kentucky'),
('Columbia', 0.570860, 74.297330, 'Pennsylvania'),
('Columbia', 0.570860, 74.297330, 'Rhode Island'),
('Columbus', 9.961170, 82.998790, 'Pennsylvania'),
('Concord', 7.977970, 122.031070, 'Delaware'),
('Denver', 9.739230, 104.990250, 'Wisconsin'),
('Des Moines', 1.600540, 93.609100, 'Colorado'),
('Dover', 1.126360, 0.316190, 'Connecticut'),
('Dover', 1.126360, 0.316190, 'Florida'),
('Dover', 1.126360, 0.316190, 'Oregon'),
('Frankfort', 8.200900, 84.873280, 'Arizona'),
('Frankfort', 8.200900, 84.873280, 'Connecticut'),
('Frankfort', 8.200900, 84.873280, 'Florida'),
('Harrisburg', 0.263680, 76.890730, 'Hawaii'),
('Harrisburg', 0.263680, 76.890730, 'Pennsylvania'),
('Harrisburg', 0.263680, 76.890730, 'Virginia'),
('Hartford', 1.763710, 72.685090, 'Montana'),
('Helena', 6.588370, 112.024500, 'North Dakota'),
('Honolulu', 1.306940, 157.858330, 'Massachusetts'),
('Honolulu', 1.306940, 157.858330, 'Vermont'),
('Indianapolis', 9.768400, 86.158060, 'Missouri'),
('Jackson', 2.298750, 90.184810, 'Massachusetts'),
('Jackson', 2.298750, 90.184810, 'North Carolina'),
('Jackson', 2.298750, 90.184810, 'Ohio'),
('Jackson', 2.298750, 90.184810, 'Oregon'),
('Jefferson City', 8.576700, 92.173510, 'Michigan'),
('Juneau', 8.301940, 134.419720, 'Kentucky'),
('Lansing', 2.732530, 84.555530, 'Connecticut'),
('Lansing', 2.732530, 84.555530, 'Louisiana'),
('Lansing', 2.732530, 84.555530, 'Vermont'),
('Lansing', 2.732530, 84.555530, 'Wyoming'),
('Lincoln', 0.825762, 96.685198, 'Alaska'),
('Lincoln', 0.825762, 96.685198, 'Virginia'),
('Lincoln', 0.825762, 96.685198, 'Washington'),
('Little Rock', 4.746480, 92.289590, 'Georgia'),
('Little Rock', 4.746480, 92.289590, 'Utah'),
('Madison', 3.073050, 89.401230, 'Colorado'),
('Madison', 3.073050, 89.401230, 'Kansas'),
('Madison', 3.073050, 89.401230, 'Vermont'),
('Montgomery', 2.366800, 86.299960, 'Colorado'),
('Montpelier', 4.260050, 72.575380, 'New Jersey'),
('Montpelier', 4.260050, 72.575380, 'Pennsylvania'),
('Nashville', 6.174460, 86.767960, 'California'),
('Nashville', 6.174460, 86.767960, 'Kansas'),
('Nashville', 6.174460, 86.767960, 'Washington'),
('Oklahoma City', 5.467560, 97.516420, 'South Dakota'),
('Olympia', 7.037870, 122.900690, 'California'),
('Phoenix', 3.448370, 112.074030, 'Missouri'),
('Pierre', 4.368310, 100.350960, 'New York'),
('Providence', 1.823980, 71.412830, 'Alaska'),
('Providence', 1.823980, 71.412830, 'Minnesota'),
('Providence', 1.823980, 71.412830, 'Nebraska'),
('Providence', 1.823980, 71.412830, 'Texas'),
('Raleigh', 5.779590, 78.638170, 'Arizona'),
('Raleigh', 5.779590, 78.638170, 'Iowa'),
('Raleigh', 5.779590, 78.638170, 'Maryland'),
('Raleigh', 5.779590, 78.638170, 'Massachusetts'),
('Raleigh', 5.779590, 78.638170, 'Vermont'),
('Richmond', 7.540720, 77.436040, 'Montana'),
('Sacramento', 8.581570, 121.494400, 'Kansas'),
('Sacramento', 8.581570, 121.494400, 'South Carolina'),
('Saint Paul', 4.953700, 93.089950, 'Kansas'),
('Saint Paul', 4.953700, 93.089950, 'New York'),
('Saint Paul', 4.953700, 93.089950, 'Ohio'),
('Salt Lake City', 0.760770, 111.891040, 'Arizona'),
('Salt Lake City', 0.760770, 111.891040, 'Connecticut'),
('Salt Lake City', 0.760770, 111.891040, 'West Virginia'),
('Salt Lake City', 0.760770, 111.891040, 'Wisconsin'),
('Santa Fe', 5.686970, 105.937790, 'Pennsylvania'),
('Springfield', 2.101480, 72.589810, 'New Mexico'),
('Tallahassee', 0.438250, 84.280730, 'Rhode Island'),
('Topeka', 9.055820, 95.689010, 'Kansas'),
('Trenton', 0.217050, 74.742930, 'Idaho'),
('Trenton', 0.217050, 74.742930, 'Illinois');

--
-- Index pour les tables déchargées
--

--
-- Index pour la table `ADHERENT_BASE`
--
ALTER TABLE `ADHERENT_BASE`
  ADD PRIMARY KEY (`NUMERO_ADHERENT`);

--
-- Index pour la table `ADRESSE`
--
ALTER TABLE `ADRESSE`
  ADD PRIMARY KEY (`Numero_adherent`);

--
-- Index pour la table `VILLE`
--
ALTER TABLE `VILLE`
  ADD PRIMARY KEY (`Ville`,`Etat`);
COMMIT;

/*!40101 SET CHARACTER_SET_CLIENT=@OLD_CHARACTER_SET_CLIENT */;
/*!40101 SET CHARACTER_SET_RESULTS=@OLD_CHARACTER_SET_RESULTS */;
/*!40101 SET COLLATION_CONNECTION=@OLD_COLLATION_CONNECTION */;
